Score_Rank,University,Country,Number_stds,Numb_students_per_Staff,Inter_Student,Score_Result,Overall_Ranking
268,Yasouj University,Iran,"6,332",27.5,0%,38.8,38.8�42.3
269,University of Catania,Italy,"25,392",20.4,2%,38.7,35.3�38.7
269,Missouri University of Science and Technology,United States,"8,084",22.2,14%,38.7,35.3�38.7
269,South China University of Technology,China,"41,139",13.9,5%,38.7,35.3�38.7
269,Yokohama City University,Japan,"4,910",4.5,2%,38.7,35.3�38.7
270,University of Campinas,Brazil,"28,795",15.1,3%,38.6,35.3�38.7
270,Shenzhen University,China,"35,171",15.5,1%,38.6,35.3�38.7
271,Florida International University,United States,"34,203",23.8,8%,38.5,35.3�38.7
271,Keele University,United Kingdom,"9,004",15,19%,38.5,35.3�38.7
272,Ko� University,Turkey,"5,381",15.6,6%,38.4,35.3�38.7
272,Louisiana State University,United States,"29,169",20.7,6%,38.4,35.3�38.7
272,Northern Arizona University,United States,"29,684",28.1,5%,38.4,35.3�38.7
272,University of Rovira i Virgili,Spain,"12,411",12.3,11%,38.4,35.3�38.7
273,Bar-Ilan University,Israel,"16,723",17.5,5%,38.3,35.3�38.7
273,University of Greifswald,Germany,"10,247",21.1,7%,38.3,35.3�38.7
273,University of Plymouth,United Kingdom,"17,667",17.2,15%,38.3,35.3�38.7
274,University of Jyv�skyl�,Finland,"10,200",15,5%,38.2,35.3�38.7
274,National and Kapodistrian University of Athens,Greece,"57,697",28.4,10%,38.2,35.3�38.7
274,Victoria University of Wellington,New Zealand,"17,442",18.9,21%,38.2,35.3�38.7
275,Catholic University of the Sacred Heart,Italy,"28,725",21.6,7%,38.1,35.3�38.7
275,King Saud University,Saudi Arabia,"38,971",10.4,10%,38.1,35.3�38.7
275,University of Neuch�tel,Switzerland,"4,284",12.8,22%,38.1,35.3�38.7
276,University of L�Aquila,Italy,"18,867",55.3,4%,37.9,35.3�38.7
276,Aston University,United Kingdom,"11,113",21.1,26%,37.9,35.3�38.7
276,National Taiwan University of Science and Technology (Taiwan Tech),Taiwan,"8,340",19.5,15%,37.9,35.3�38.7
276,University of the West of Scotland,United Kingdom,"11,730",22.4,21%,37.9,35.3�38.7
277,National Yang-Ming University,Taiwan,"4,258",5.1,2%,37.8,35.3�38.7
277,Norwegian University of Life Sciences,Norway,"5,790",6.9,21%,37.8,35.3�38.7
277,Universidad Peruana Cayetano Heredia,Peru,"6,236",10.6,0%,37.8,35.3�38.7
277,Suez Canal University,Egypt,"35,363",10.8,1%,37.8,35.3�38.7
278,Complutense University of Madrid,Spain,"62,624",19.7,13%,37.7,35.3�38.7
278,University of Ibadan,Nigeria,"26,648",16.4,1%,37.7,35.3�38.7
279,Claude Bernard University Lyon 1,France,"26,875",12.7,13%,37.6,35.3�38.7
279,Renmin University of China,China,"25,590",12.5,6%,37.6,35.3�38.7
280,CentraleSup�lec,France,"4,226",10.2,29%,37.5,35.3�38.7
281,Carleton University,Canada,"27,570",29.7,21%,37.4,35.3�38.7
281,King Saud bin Abdulaziz University for Health Sciences,Saudi Arabia,"11,708",6.9,1%,37.4,35.3�38.7
281,University of Udine,Italy,"11,793",17.8,7%,37.4,35.3�38.7
282,Universit� Bourgogne Franche-Comt� (UBFC),France,"59,858",32.9,11%,37.3,35.3�38.7
282,University of Lisbon,Portugal,"47,886",17.7,12%,37.3,35.3�38.7
283,Indian Institute of Technology Roorkee,India,"7,561",16.4,2%,37.2,35.3�38.7
283,University of Rome II � Tor Vergata,Italy,"34,965",19.9,11%,37.2,35.3�38.7
284,Graz University of Technology,Austria,"6,370",10,20%,37.1,35.3�38.7
284,University of Hull,United Kingdom,"14,047",18.2,19%,37.1,35.3�38.7
285,East China Normal University,China,"25,747",11.5,17%,37,35.3�38.7
285,University of Haifa,Israel,"16,164",21,2%,37,35.3�38.7
285,University of Insubria,Italy,"7,646",22.1,6%,37,35.3�38.7
286,Peter the Great St Petersburg Polytechnic University,Russian Federation,"18,251",9,28%,36.9,35.3�38.7
287,Bilkent University,Turkey,"10,374",14.5,9%,36.8,35.3�38.7
287,Polytechnic University of Turin,Italy,"31,425",35.8,13%,36.8,35.3�38.7
287,Soochow University,China,"44,835",16.4,7%,36.8,35.3�38.7
287,University of Wisconsin-Milwaukee,United States,"20,874",19.3,6%,36.8,35.3�38.7
288,Hamburg University of Technology,Germany,"5,216",35.2,19%,36.7,35.3�38.7
288,University of Idaho,United States,"9,694",17,8%,36.7,35.3�38.7
288,University of Limerick,Ireland,"14,221",21.7,17%,36.7,35.3�38.7
289,Tianjin University,China,"34,780",14,6%,36.6,35.3�38.7
289,Xi�an Jiaotong University,China,"36,557",12.5,6%,36.6,35.3�38.7
290,Memorial University of Newfoundland,Canada,"15,127",13.7,18%,36.5,35.3�38.7
290,San Diego State University,United States,"30,799",30.5,8%,36.5,35.3�38.7
291,University of Guelph,Canada,"22,165",29.1,9%,36.4,35.3�38.7
291,Hacettepe University,Turkey,"47,035",22,4%,36.4,35.3�38.7
291,Lappeenranta-Lahti University of Technology LUT,Finland,"3,851",28.2,19%,36.4,35.3�38.7
291,Mashhad University of Medical Sciences,Iran,"9,134",10.6,3%,36.4,35.3�38.7
291,North-West University,South Africa,"36,749",29.9,4%,36.4,35.3�38.7
292,Amirkabir University of Technology,Iran,"11,580",21.6,2%,36.3,35.3�38.7
292,National Chiao Tung University,Taiwan,"12,017",16.7,12%,36.3,35.3�38.7
292,New Jersey Institute of Technology,United States,"9,279",15.1,17%,36.3,35.3�38.7
292,University of Rome III,Italy,"31,696",50.1,5%,36.3,35.3�38.7
292,Sharif University of Technology,Iran,"9,260",19.8,2%,36.3,35.3�38.7
292,University of Waikato,New Zealand,"9,892",18.1,19%,36.3,35.3�38.7
293,University of Kashan,Iran,"8,438",27.4,3%,36.2,35.3�38.7
293,Pontifical Catholic University of Chile,Chile,"28,541",15,7%,36.2,35.3�38.7
293,University of Siegen,Germany,"19,268",42.3,12%,36.2,35.3�38.7
293,Southeast University,China,"32,951",11.6,5%,36.2,35.3�38.7
294,"Binghamton University, State University of New York",United States,"17,848",23.3,14%,36.1,35.3�38.7
294,Tomsk State University,Russian Federation,"7,655",11.9,29%,36.1,35.3�38.7
295,King Fahd University of Petroleum and Minerals,Saudi Arabia,"6,882",6.8,13%,36,35.3�38.7
295,Lincoln University,New Zealand,"2,476",13.5,39%,36,35.3�38.7
295,The University of the West Indies,Jamaica,"23,305",22.2,1%,36,35.3�38.7
296,University of Alabama in Huntsville,United States,"6,729",16.3,8%,35.9,35.3�38.7
296,Charles Darwin University,Australia,"6,314",22.8,32%,35.9,35.3�38.7
296,Institute of Chemical Technology,India,"2,146",18.2,0%,35.9,35.3�38.7
296,University of Wuppertal,Germany,"23,343",55.8,11%,35.9,35.3�38.7
296,Xiamen University,China,"40,841",14.6,4%,35.9,35.3�38.7
297,"China Medical University, Taiwan",Taiwan,"7,603",16.5,8%,35.8,35.3�38.7
297,University of Graz,Austria,"20,312",21.9,13%,35.8,35.3�38.7
297,Indian Institute of Technology Gandhinagar,India,"1,222",11.2,0%,35.8,35.3�38.7
297,University of Nebraska Medical Center,United States,"3,041",2.3,7%,35.8,35.3�38.7
297,University of Rhode Island,United States,"16,569",19.3,3%,35.8,35.3�38.7
298,Novosibirsk State University,Russian Federation,"7,123",6.2,20%,35.7,35.3�38.7
298,Tehran University of Medical Sciences,Iran,"12,511",6.9,7%,35.7,35.3�38.7
298,Universiti Tunku Abdul Rahman (UTAR),Malaysia,"18,763",16.1,2%,35.7,35.3�38.7
299,Universidad Aut�noma de Chile,Chile,"23,312",26.2,1%,35.5,35.3�38.7
299,Kansai Medical University,Japan,841,1.1,3%,35.5,35.3�38.7
300,Beihang University,China,"29,952",13.7,6%,35.4,35.3�38.7
300,Chung-Ang University,South Korea,"16,681",22.1,18%,35.4,35.3�38.7
300,Marche Polytechnic University,Italy,"10,603",20.7,4%,35.4,35.3�38.7
300,The Open University,United Kingdom,"61,915",32.3,8%,35.4,35.3�38.7
300,Open University of Catalonia,Spain,"22,962",84.5,2%,35.4,35.3�38.7
301,University of Brescia,Italy,"14,206",27.2,7%,35.3,35.3�38.7
301,Massey University,New Zealand,"18,653",16.2,31%,35.3,35.3�38.7
302,University of Coimbra,Portugal,"21,404",17.6,19%,35.2,28.3�35.2
302,Dublin City University,Ireland,"12,619",24,10%,35.2,28.3�35.2
302,University of Kaiserslautern,Germany,"14,869",51.6,18%,35.2,28.3�35.2
302,West Virginia University,United States,"25,966",18.5,8%,35.2,28.3�35.2
303,Makerere University,Uganda,"34,651",23.6,8%,35.1,28.3�35.2
303,Stevens Institute of Technology,United States,"5,943",16.7,38%,35.1,28.3�35.2
303,University of the Western Cape,South Africa,"21,999",30.5,8%,35.1,28.3�35.2
303,University of Windsor,Canada,"13,140",29,23%,35.1,28.3�35.2
304,University of Central Florida,United States,"56,228",35.3,4%,35,28.3�35.2
304,Concordia University,Canada,"33,543",32.3,29%,35,28.3�35.2
305,Jagiellonian University,Poland,"40,608",10.9,9%,34.9,28.3�35.2
306,University of Costa Rica,Costa Rica,"33,900",15.1,2%,34.8,28.3�35.2
306,Montana State University,United States,"14,357",19.4,3%,34.8,28.3�35.2
306,NOVA University of Lisbon,Portugal,"19,694",18.1,17%,34.8,28.3�35.2
306,Polytechnic University of Catalonia,Spain,"25,484",10.6,16%,34.8,28.3�35.2
306,University of Ulsan,South Korea,"12,730",11.5,3%,34.8,28.3�35.2
307,Iran University of Science and Technology,Iran,"13,273",31.7,1%,34.7,28.3�35.2
307,University of Lincoln,United Kingdom,"12,060",15.1,13%,34.7,28.3�35.2
307,University of Parma,Italy,"25,140",27.4,6%,34.7,28.3�35.2
308,Baylor University,United States,"17,078",16.2,6%,34.6,28.3�35.2
308,Johannes Kepler University of Linz,Austria,"6,122",10.5,11%,34.6,28.3�35.2
308,Mahidol University,Thailand,"28,476",10.2,4%,34.6,28.3�35.2
308,University of Southern Queensland,Australia,"12,405",25.8,15%,34.6,28.3�35.2
309,University of Lorraine,France,"58,678",19.2,16%,34.5,28.3�35.2
310,National Institute of Applied Sciences of Lyon (INSA Lyon),France,"6,173",19.6,28%,34.4,28.3�35.2
310,University of Salento,Italy,"12,040",29.7,1%,34.4,28.3�35.2
311,National Cheng Kung University (NCKU),Taiwan,"20,663",13.7,13%,34.3,28.3�35.2
312,Aristotle University of Thessaloniki,Greece,"46,505",26.8,5%,34.2,28.3�35.2
312,University of Electronic Science and Technology of China,China,"33,242",16.4,4%,34.2,28.3�35.2
312,Konkuk University,South Korea,"12,225",23.2,16%,34.2,28.3�35.2
312,Lehigh University,United States,"6,462",10.8,17%,34.2,28.3�35.2
312,University of Nantes,France,"37,078",24.7,11%,34.2,28.3�35.2
312,Worcester Polytechnic Institute,United States,"5,733",12.7,22%,34.2,28.3�35.2
313,"Indian Institute of Science Education and Research, Pune",India,"1,274",9.5,0%,34.1,28.3�35.2
314,Amedeo Avogadro University of Eastern Piedmont,Italy,"13,447",36.1,6%,34,28.3�35.2
314,University of La Laguna,Spain,"18,336",12.9,4%,34,28.3�35.2
314,Mae Fah Luang University,Thailand,"13,534",22.3,4%,34,28.3�35.2
314,Texas Tech University,United States,"33,015",20.6,9%,34,28.3�35.2
315,Northwestern Polytechnical University,China,"28,432",13.9,4%,33.9,28.3�35.2
315,Universit� de Sherbrooke,Canada,"15,667",12.9,7%,33.9,28.3�35.2
316,University of Bergamo,Italy,"19,022",57,7%,33.7,28.3�35.2
316,Indian Institute of Technology Madras,India,"9,241",15.6,1%,33.7,28.3�35.2
316,Oxford Brookes University,United Kingdom,"13,915",16.2,28%,33.7,28.3�35.2
317,�cole normale sup�rieure Paris-Saclay,France,"1,869",12.6,14%,33.6,28.3�35.2
317,Nanjing University of Information Science and Technology,China,"21,857",15.5,3%,33.6,28.3�35.2
318,University of Calabria,Italy,"27,403",33,2%,33.5,28.3�35.2
318,China Agricultural University,China,"19,586",11.6,1%,33.5,28.3�35.2
318,Ferhat Abbas S�tif University 1,Algeria,"34,002",22.7,1%,33.5,28.3�35.2
318,Kent State University,United States,"24,559",20.4,9%,33.5,28.3�35.2
318,University of Palermo,Italy,"29,437",20.5,1%,33.5,28.3�35.2
319,Auburn University,United States,"26,641",18.8,9%,33.4,28.3�35.2
319,University of Girona,Spain,"13,906",19,14%,33.4,28.3�35.2
319,National Taiwan Normal University,Taiwan,"10,789",12.1,24%,33.4,28.3�35.2
319,Savitribai Phule Pune University,India,"6,056",12.7,2%,33.4,28.3�35.2
319,University of Toledo,United States,"18,587",15.5,11%,33.4,28.3�35.2
320,Federal University of Minas Gerais,Brazil,"43,899",12.6,2%,33.2,28.3�35.2
320,Metropolitan Autonomous University,Mexico,"57,827",20,0%,33.2,28.3�35.2
321,Nottingham Trent University,United Kingdom,"24,140",15,19%,33.1,28.3�35.2
321,Shandong University,China,"45,767",14.6,7%,33.1,28.3�35.2
322,Indian Institute of Technology Kanpur,India,"6,860",13.6,0%,33,28.3�35.2
323,Beijing Institute of Technology,China,"30,608",13.3,8%,32.9,28.3�35.2
323,Ewha Womans University,South Korea,"14,510",16.9,15%,32.9,28.3�35.2
323,"University of Maryland, Baltimore County",United States,"11,667",18.1,8%,32.9,28.3�35.2
323,Saint Petersburg State University,Russian Federation,"21,489",7.4,12%,32.9,28.3�35.2
323,Southern Cross University,Australia,"9,064",25,25%,32.9,28.3�35.2
324,Amrita Vishwa Vidyapeetham,India,"14,689",11.9,12%,32.8,28.3�35.2
325,Iran University of Medical Sciences,Iran,"8,673",9,3%,32.7,28.3�35.2
325,University of Lille,France,"69,287",29,13%,32.7,28.3�35.2
325,Manchester Metropolitan University,United Kingdom,"28,146",15.1,16%,32.7,28.3�35.2
326,University of Huddersfield,United Kingdom,"14,483",20.7,24%,32.6,28.3�35.2
326,University of Johannesburg,South Africa,"26,445",23.9,15%,32.6,28.3�35.2
327,Bo?azi�i University,Turkey,"13,202",23.2,3%,32.5,28.3�35.2
327,Nanjing Medical University,China,"15,420",9,5%,32.5,28.3�35.2
328,Universit� du Qu�bec,Canada,"52,994",19.7,11%,32.4,28.3�35.2
328,Roskilde University,Denmark,"6,382",18,12%,32.4,28.3�35.2
328,Universiti Teknologi Malaysia,Malaysia,"19,087",11.2,14%,32.4,28.3�35.2
329,University of the Balearic Islands,Spain,"11,277",12.8,7%,32.3,28.3�35.2
329,Federal University of Rio Grande do Sul,Brazil,"52,579",19.4,1%,32.3,28.3�35.2
329,University of Tehran,Iran,"53,614",24.5,2%,32.3,28.3�35.2
330,University of Aveiro,Portugal,"9,774",16.5,12%,32.2,28.3�35.2
330,University of Granada,Spain,"56,044",15.4,10%,32.2,28.3�35.2
330,Kazan Federal University,Russian Federation,"26,670",10.8,13%,32.2,28.3�35.2
330,University of the Sunshine Coast,Australia,"9,720",31.3,17%,32.2,28.3�35.2
331,Imam Khomeini International University,Iran,"8,330",28.6,7%,32.1,28.3�35.2
331,Universiti Teknologi Petronas,Malaysia,"6,212",15.9,17%,32.1,28.3�35.2
331,TU Braunschweig,Germany,"20,020",10.4,14%,32.1,28.3�35.2
332,COMSATS University Islamabad,Pakistan,"33,030",11.4,1%,32,28.3�35.2
332,Panth�on-Sorbonne University � Paris 1,France,"33,883",26.1,21%,32,28.3�35.2
333,Kansas State University,United States,"21,536",14.3,9%,31.9,28.3�35.2
333,Tokyo Metropolitan University,Japan,"9,160",13.6,5%,31.9,28.3�35.2
333,University of Tours,France,"27,285",21.2,11%,31.9,28.3�35.2
334,Keio University,Japan,"34,916",10.4,8%,31.8,28.3�35.2
334,King Khalid University,Saudi Arabia,"38,865",8.1,11%,31.8,28.3�35.2
335,Creighton University,United States,"8,228",11.1,8%,31.7,28.3�35.2
336,Chemnitz University of Technology,Germany,"10,473",45.7,24%,31.6,28.3�35.2
336,University of Delhi,India,"24,547",23,1%,31.6,28.3�35.2
336,IDC Herzliya,Israel,"6,908",47,24%,31.6,28.3�35.2
336,University of Ioannina,Greece,"21,902",44.3,3%,31.6,28.3�35.2
336,Sichuan University,China,"64,648",13.8,4%,31.6,28.3�35.2
337,�bo Akademi University,Finland,"5,295",17.5,16%,31.5,28.3�35.2
337,Panjab University,India,"19,912",23.4,1%,31.5,28.3�35.2
338,University of Clermont Auvergne,France,"34,644",18.8,13%,31.4,28.3�35.2
338,Federal University of Santa Catarina,Brazil,"38,719",16.6,2%,31.4,28.3�35.2
338,University of Pretoria,South Africa,"35,086",22,8%,31.4,28.3�35.2
339,Old Dominion University,United States,"18,878",18.2,3%,31.3,28.3�35.2
339,University of Rennes 1,France,"28,351",18,12%,31.3,28.3�35.2
339,Shahid Beheshti University of Medical Sciences,Iran,"12,713",9.1,2%,31.3,28.3�35.2
340,Ca� Foscari University of Venice,Italy,"15,636",27.7,10%,31.2,28.3�35.2
340,University of Texas at Arlington,United States,"28,835",25.2,15%,31.2,28.3�35.2
341,Federal University of S�o Paulo (UNIFESP),Brazil,"14,572",9.3,1%,31.1,28.3�35.2
341,"University of Nevada, Las Vegas",United States,"24,982",22.7,5%,31.1,28.3�35.2
341,Thapar University,India,"7,752",14.8,1%,31.1,28.3�35.2
342,E�tv�s Lor�nd University,Hungary,"26,105",16.7,9%,31,28.3�35.2
342,Indian Institute of Technology Hyderabad,India,"2,088",11.9,0%,31,28.3�35.2
342,Isfahan University of Technology,Iran,"10,064",20.7,1%,31,28.3�35.2
342,Kafrelsheikh University,Egypt,"74,546",39.7,1%,31,28.3�35.2
342,Palack� University Olomouc,Czech Republic,"17,443",13.8,12%,31,28.3�35.2
342,Universiti Putra Malaysia,Malaysia,"20,018",12.1,23%,31,28.3�35.2
342,University of South Dakota,United States,"14,542",35.1,3%,31,28.3�35.2
343,De Montfort University,United Kingdom,"19,093",19.5,27%,30.9,28.3�35.2
343,University of Warsaw,Poland,"50,484",14,10%,30.9,28.3�35.2
344,Masaryk University,Czech Republic,"31,611",20.2,21%,30.8,28.3�35.2
344,New Mexico State University (Main campus),United States,"12,753",16.5,8%,30.8,28.3�35.2
345,Clemson University,United States,"21,436",17,7%,30.7,28.3�35.2
345,Glasgow Caledonian University,United Kingdom,"12,637",19.9,17%,30.7,28.3�35.2
345,Jaume I University,Spain,"12,182",15.6,9%,30.7,28.3�35.2
345,Universiti Kebangsaan Malaysia,Malaysia,"17,180",10.1,15%,30.7,28.3�35.2
346,"China University of Petroleum, Beijing",China,"15,150",18.7,4%,30.6,28.3�35.2
346,Dalian University of Technology,China,"39,665",15.7,3%,30.6,28.3�35.2
346,Universiti Sains Malaysia,Malaysia,"20,908",10.7,15%,30.6,28.3�35.2
347,Ulster University,United Kingdom,"17,817",17.1,8%,30.5,28.3�35.2
348,Banaras Hindu University,India,"14,953",11.3,3%,30.4,28.3�35.2
348,National University of Science and Technology (MISiS),Russian Federation,"7,090",11.3,26%,30.4,28.3�35.2
348,Tomsk Polytechnic University,Russian Federation,"9,121",8.7,28%,30.4,28.3�35.2
349,University of Lleida,Spain,"8,595",14.7,8%,30.3,28.3�35.2
349,Universiti Malaysia Perlis,Malaysia,"12,154",17.1,5%,30.3,28.3�35.2
349,Monterrey Institute of Technology,Mexico,"14,343",16.2,11%,30.3,28.3�35.2
350,Tabriz University of Medical Sciences,Iran,"8,047",9.5,0%,30.2,28.3�35.2
351,University of the Basque Country,Spain,"42,485",14.8,4%,30,28.3�35.2
351,Indian Institute of Technology Guwahati,India,"5,699",13.5,1%,30,28.3�35.2
351,Miguel Hern�ndez University of Elche,Spain,"13,591",20,5%,30,28.3�35.2
351,Ohio University (Main campus),United States,"25,013",22.3,5%,30,28.3�35.2
351,Ryerson University,Canada,"33,694",43.1,4%,30,28.3�35.2
351,University of Santiago de Compostela,Spain,"25,455",15.2,8%,30,28.3�35.2
352,Pontifical Catholic University of Rio de Janeiro (PUC-Rio),Brazil,"15,581",21.9,5%,29.9,28.3�35.2
352,University of the West of England,United Kingdom,"21,737",18.3,21%,29.9,28.3�35.2
353,University of Beira Interior,Portugal,"7,022",15.7,14%,29.8,28.3�35.2
353,Coventry University,United Kingdom,"27,531",16.4,46%,29.8,28.3�35.2
353,Lakehead University,Canada,"8,050",24.5,13%,29.8,28.3�35.2
353,University of Sassari,Italy,"12,993",24.1,2%,29.8,28.3�35.2
354,"University of the Andes, Colombia",Colombia,"15,521",13.2,2%,29.7,28.3�35.2
354,Kindai University,Japan,"33,125",13.6,2%,29.7,28.3�35.2
355,Cairo University,Egypt,"223,275",40.6,2%,29.6,28.3�35.2
355,University of Oviedo,Spain,"21,663",12.7,3%,29.6,28.3�35.2
355,Shiraz University of Technology,Iran,"1,602",15.9,0%,29.6,28.3�35.2
356,Indian Institute of Technology Bhubaneswar,India,"1,237",10.7,0%,29.5,28.3�35.2
356,Istanbul Technical University,Turkey,"34,825",23,4%,29.5,28.3�35.2
356,University of Ljubljana,Slovenia,"40,110",14.7,6%,29.5,28.3�35.2
356,University of North Carolina at Greensboro,United States,"18,999",22.2,4%,29.5,28.3�35.2
356,University of Split,Croatia,"20,043",22.5,2%,29.5,28.3�35.2
356,University of Tabriz,Iran,"20,360",26.4,0%,29.5,28.3�35.2
357,University of Arkansas,United States,"24,754",19.8,5%,29.4,28.3�35.2
357,Central Queensland University,Australia,"14,701",20.8,31%,29.4,28.3�35.2
357,University of Sharjah,United Arab Emirates,"14,286",20.8,60%,29.4,28.3�35.2
357,University of Thessaly,Greece,"17,004",38.9,4%,29.4,28.3�35.2
358,University of Salamanca,Spain,"28,673",17.6,16%,29.3,28.3�35.2
358,Western Washington University,United States,"13,726",17.7,1%,29.3,28.3�35.2
359,Beni-Suef University,Egypt,"67,981",25.3,1%,29.2,28.3�35.2
359,Kobe University,Japan,"15,593",9.5,7%,29.2,28.3�35.2
359,National Autonomous University of Mexico,Mexico,"161,718",17.1,8%,29.2,28.3�35.2
360,University of Greenwich,United Kingdom,"14,477",18,36%,29.1,28.3�35.2
360,University of Leoben,Austria,"3,074",5.9,15%,29.1,28.3�35.2
361,University of Brighton,United Kingdom,"17,155",18,21%,29,28.3�35.2
361,�cole Centrale de Lyon,France,"1,998",16.1,24%,29,28.3�35.2
361,Nippon Medical School,Japan,850,0.9,0%,29,28.3�35.2
362,University of Hertfordshire,United Kingdom,"17,584",17.5,28%,28.9,28.3�35.2
362,Jawaharlal Nehru University,India,"7,938",13.9,4%,28.9,28.3�35.2
362,Nanjing Normal University,China,"27,490",13.2,3%,28.9,28.3�35.2
362,National Technical University of Athens,Greece,"14,133",20.6,8%,28.9,28.3�35.2
362,University of Regina,Canada,"12,935",23.4,22%,28.9,28.3�35.2
363,Jiangsu Normal University,China,"21,455",14.3,2%,28.8,28.3�35.2
363,University of Malta,Malta,"11,772",13,9%,28.8,28.3�35.2
363,Pusan National University,South Korea,"24,331",18.3,11%,28.8,28.3�35.2
364,University of Alcal�,Spain,"17,793",12.9,18%,28.7,28.3�35.2
364,Huazhong Agricultural University,China,"25,956",17.4,2%,28.7,28.3�35.2
364,Jikei University School of Medicine,Japan,"1,078",0.9,1%,28.7,28.3�35.2
364,University of Westminster,United Kingdom,"16,401",17.4,46%,28.7,28.3�35.2
365,Hiroshima University,Japan,"15,077",9,10%,28.6,28.3�35.2
365,Middle East Technical University,Turkey,"27,455",31.6,6%,28.6,28.3�35.2
366,The University of Aizu,Japan,"1,165",10.8,5%,28.5,28.3�35.2
366,University of International Business and Economics,China,"15,775",17.4,18%,28.5,28.3�35.2
366,Jamia Millia Islamia,India,"10,653",9.7,3%,28.5,28.3�35.2
366,Waseda University,Japan,"48,839",14.1,10%,28.5,28.3�35.2
367,University of Indonesia,Indonesia,"41,170",9.9,11%,28.4,28.3�35.2
367,Portland State University,United States,"20,219",18.4,9%,28.4,28.3�35.2
367,Sidi Mohamed Ben Abdellah University,Morocco,"90,736",57.1,2%,28.4,28.3�35.2
367,University of Technology of Compi�gne,France,"4,229",15.4,23%,28.4,28.3�35.2
368,East China University of Science and Technology,China,"25,519",15.6,2%,28.3,28.3�35.2
368,ISCTE-University Institute of Lisbon,Portugal,"8,898",24.2,12%,28.3,28.3�35.2
368,Kurume University,Japan,"4,850",7.3,2%,28.3,28.3�35.2
368,"Lumi�re University, Lyon 2",France,"25,134",51.1,19%,28.3,28.3�35.2
368,University of Minho,Portugal,"18,066",17.9,10%,28.3,28.3�35.2
369,Carlos III University of Madrid,Spain,"17,265",11,15%,28.2,22.2�28.2
369,Edinburgh Napier University,United Kingdom,"10,668",18.8,33%,28.2,22.2�28.2
369,Marquette University,United States,"10,472",12,4%,28.2,22.2�28.2
369,Nanjing Tech University,China,"33,175",13.9,2%,28.2,22.2�28.2
370,Fuzhou University,China,"34,979",15.9,2%,28.1,22.2�28.2
370,National Institute of Technology Rourkela,India,"5,851",18.8,4%,28.1,22.2�28.2
370,University of P�cs,Hungary,"16,859",11.3,22%,28.1,22.2�28.2
371,University of Deusto,Spain,"9,209",21.8,11%,28,22.2�28.2
371,Pablo de Olavide University,Spain,"12,113",14.4,18%,28,22.2�28.2
371,University of Seville,Spain,"62,811",20.6,6%,28,22.2�28.2
371,University of Texas at El Paso,United States,"17,089",23.2,8%,28,22.2�28.2
372,Guangdong University of Technology,China,"43,815",19.7,0%,27.9,22.2�28.2
372,Hyogo College of Medicine,Japan,888,2,1%,27.9,22.2�28.2
372,University of Lagos,Nigeria,"34,056",20.3,0%,27.9,22.2�28.2
372,Nanjing Agricultural University,China,"25,963",15.9,3%,27.9,22.2�28.2
373,University of the Aegean,Greece,"13,040",41.3,1%,27.8,22.2�28.2
373,Athens University of Economics and Business,Greece,"9,678",44.4,5%,27.8,22.2�28.2
373,Chang Gung University,Taiwan,"7,556",12.3,5%,27.8,22.2�28.2
373,Federal University of Rio de Janeiro,Brazil,"48,675",12.3,2%,27.8,22.2�28.2
373,University of Salford,United Kingdom,"15,356",17,22%,27.8,22.2�28.2
374,Saint-Petersburg Mining University,Russian Federation,"7,298",11.1,11%,27.7,22.2�28.2
374,University of Zaragoza,Spain,"28,211",10.3,6%,27.7,22.2�28.2
375,University of Bradford,United Kingdom,"8,917",17.7,28%,27.6,22.2�28.2
375,Florida Atlantic University,United States,"23,658",18.3,10%,27.6,22.2�28.2
375,Jadavpur University,India,"11,528",18.4,1%,27.6,22.2�28.2
375,Jinan University,China,"34,904",14,34%,27.6,22.2�28.2
375,University of Northern British Columbia (UNBC),Canada,"2,733",14,8%,27.6,22.2�28.2
375,Southwestern University of Finance and Economics,China,"22,283",15.9,2%,27.6,22.2�28.2
376,University of Roehampton,United Kingdom,"7,665",16.3,28%,27.5,22.2�28.2
376,University of Science and Technology Beijing,China,"24,232",14.7,4%,27.5,22.2�28.2
376,University of South Bohemia in ?esk� Bud?jovice,Czech Republic,"9,738",15.2,5%,27.5,22.2�28.2
377,American University in Cairo,Egypt,"5,936",13.7,5%,27.4,22.2�28.2
377,Chiba University,Japan,"13,764",9.8,5%,27.4,22.2�28.2
377,Polytechnic University of Valencia,Spain,"21,119",10,14%,27.4,22.2�28.2
378,"Asia University, Taiwan",Taiwan,"11,779",29.8,5%,27.3,22.2�28.2
378,"China University of Geosciences, Wuhan",China,"28,934",16.7,4%,27.3,22.2�28.2
378,Mississippi State University,United States,"26,121",19,3%,27.3,22.2�28.2
378,Northeast Normal University,China,"25,425",14.7,2%,27.3,22.2�28.2
378,Technical University of Madrid,Spain,"40,592",14,13%,27.3,22.2�28.2
379,University of B�ja�a,Algeria,"43,026",25.4,0%,27.2,22.2�28.2
380,Benha University,Egypt,"97,843",30.5,5%,27.1,22.2�28.2
380,Chulalongkorn University,Thailand,"38,531",14,4%,27.1,22.2�28.2
380,University of East London,United Kingdom,"10,302",17.2,30%,27.1,22.2�28.2
380,Kingston University,United Kingdom,"15,700",17.6,36%,27.1,22.2�28.2
380,Rochester Institute of Technology,United States,"13,996",15.7,18%,27.1,22.2�28.2
381,University of Chile,Chile,"35,447",15,6%,27,22.2�28.2
381,China University of Mining and Technology,China,"47,225",18.6,2%,27,22.2�28.2
381,Chongqing University,China,"44,394",16,4%,27,22.2�28.2
381,Ilmenau University of Technology,Germany,"5,807",17.7,22%,27,22.2�28.2
381,Karlstad University,Sweden,"8,552",12.8,%,27,22.2�28.2
382,Ajou University,South Korea,"9,906",11.3,7%,26.9,22.2�28.2
382,University of Algarve,Portugal,"7,780",12.9,16%,26.9,22.2�28.2
382,"International Islamic University, Islamabad",Pakistan,"30,614",19.7,8%,26.9,22.2�28.2
382,Lebanese American University,Lebanon,"7,866",13.4,18%,26.9,22.2�28.2
382,Shahid Beheshti University,Iran,"18,403",21.4,2%,26.9,22.2�28.2
382,Shanghai University of Finance and Economics (SUFE),China,"15,130",14.5,5%,26.9,22.2�28.2
382,Shantou University,China,"10,305",11.7,1%,26.9,22.2�28.2
383,Aligarh Muslim University,India,"18,783",13.5,2%,26.8,22.2�28.2
384,Sogang University,South Korea,"9,559",22.9,11%,26.7,22.2�28.2
384,Vilnius University,Lithuania,"16,216",10.8,9%,26.7,22.2�28.2
384,Yeungnam University,South Korea,"20,135",14.8,5%,26.7,22.2�28.2
385,Al-Balqa Applied University,Jordan,"33,918",31.3,4%,26.6,22.2�28.2
385,"China University of Geosciences, Beijing",China,"17,752",15.2,1%,26.6,22.2�28.2
385,RUDN University,Russian Federation,"19,803",11.6,29%,26.6,22.2�28.2
386,Kyungpook National University,South Korea,"24,155",23.5,6%,26.5,22.2�28.2
386,Shanghai University,China,"36,637",11.3,6%,26.5,22.2�28.2
386,Sheffield Hallam University,United Kingdom,"25,119",17,13%,26.5,22.2�28.2
387,Sri Venkateswara University,India,"7,832",15.5,0%,26.4,22.2�28.2
388,University of Bras�lia,Brazil,"44,074",15.2,2%,26.3,22.2�28.2
388,University of C�rdoba,Spain,"17,406",15.1,8%,26.3,22.2�28.2
388,University of Nairobi,Kenya,"69,456",39.3,1%,26.3,22.2�28.2
389,Kyoto Prefectural University of Medicine,Japan,"1,330",3.4,1%,26.2,22.2�28.2
389,Niigata University,Japan,"12,158",7.9,2%,26.2,22.2�28.2
389,University of Szeged,Hungary,"19,700",12.5,16%,26.2,22.2�28.2
390,University of Central Lancashire,United Kingdom,"18,824",16.5,18%,26.1,22.2�28.2
390,National Sun Yat-Sen University,Taiwan,"9,190",13.2,6%,26.1,22.2�28.2
391,Rikkyo University,Japan,"20,183",14.1,4%,26,22.2�28.2
392,Bucharest University of Economic Studies,Romania,"22,022",14.8,3%,25.9,22.2�28.2
392,Cardiff Metropolitan University,United Kingdom,"8,661",16.5,17%,25.9,22.2�28.2
392,University of Las Palmas de Gran Canaria,Spain,"18,714",17.1,7%,25.9,22.2�28.2
392,Shiraz University,Iran,"14,286",20.6,0%,25.9,22.2�28.2
392,Teesside University,United Kingdom,"11,919",18.3,11%,25.9,22.2�28.2
393,Florida Institute of Technology,United States,"5,344",14.1,33%,25.8,22.2�28.2
394,Federal University of Pelotas,Brazil,"23,198",17.4,0%,25.6,22.2�28.2
394,Leeds Beckett University,United Kingdom,"19,726",19.5,12%,25.6,22.2�28.2
394,National Central University,Taiwan,"10,838",9.4,10%,25.6,22.2�28.2
394,Normandy University,France,"68,013",20.3,11%,25.6,22.2�28.2
394,Staffordshire University,United Kingdom,"8,558",14.8,12%,25.6,22.2�28.2
394,Tallinn University,Estonia,"7,681",27.2,12%,25.6,22.2�28.2
394,University of Vigo,Spain,"18,652",16.4,5%,25.6,22.2�28.2
394,VIT University,India,"33,380",19.9,1%,25.6,22.2�28.2
394,Tallinn University,Estonia,"7,681",27.2,12%,25.6,22.2�28.2
394,University of Vigo,Spain,"18,652",16.4,5%,25.6,22.2�28.2
394,VIT University,India,"33,380",19.9,1%,25.6,22.2�28.2
395,Juntendo University,Japan,"4,653",3.8,2%,25.5,22.2�28.2
395,Lviv Polytechnic National University,Ukraine,"21,560",10.5,1%,25.5,22.2�28.2
395,"National Institute of Technology, Tiruchirappalli",India,"6,081",19.1,8%,25.5,22.2�28.2
395,The New School,United States,"10,434",9.4,35%,25.5,22.2�28.2
395,Osmania University,India,"12,454",17.8,2%,25.5,22.2�28.2
396,Istanbul University,Turkey,"122,002",59.7,6%,25.4,22.2�28.2
396,University Rey Juan Carlos,Spain,"42,079",25.2,11%,25.4,22.2�28.2
396,"Vietnam National University, Hanoi",Vietnam,"32,944",13.4,1%,25.4,22.2�28.2
397,University of Jordan,Jordan,"30,495",16.9,16%,25.3,22.2�28.2
398,Capital Medical University,China,"13,178",6.8,5%,25.2,22.2�28.2
398,Pontifical Catholic University of Rio Grande do Sul (PUCRS),Brazil,"16,750",22.8,0%,25.2,22.2�28.2
398,University of Puerto Rico,Puerto Rico,"49,713",13.9,1%,25.2,22.2�28.2
399,American University of Sharjah,United Arab Emirates,"5,652",14,83%,25.1,22.2�28.2
399,Eastern Mediterranean University,Northern Cyprus,"18,865",27.1,83%,25.1,22.2�28.2
399,Northeastern University,China,"36,015",14.5,4%,25.1,22.2�28.2
399,S�o Paulo State University (UNESP),Brazil,"39,577",13,2%,25.1,22.2�28.2
400,University of Wolverhampton,United Kingdom,"15,687",20.4,21%,25,22.2�28.2
400,Wuhan University of Technology,China,"51,684",14,3%,25,22.2�28.2
401,Babe?-Bolyai University,Romania,"37,168",24.6,4%,24.9,22.2�28.2
401,Technological University Dublin,Ireland,"14,904",20,20%,24.9,22.2�28.2
402,University of Cadiz,Spain,"19,288",19.1,8%,24.8,22.2�28.2
402,Kaohsiung Medical University,Taiwan,"6,881",12.2,7%,24.8,22.2�28.2
402,National Dong Hwa University,Taiwan,"10,269",18.1,9%,24.8,22.2�28.2
402,Universiti Tenaga Nasional (UNITEN),Malaysia,"6,780",16.1,6%,24.8,22.2�28.2
402,Tokyo Medical University,Japan,"1,350",1.6,1%,24.8,22.2�28.2
403,Birmingham City University,United Kingdom,"19,975",18.1,23%,24.7,22.2�28.2
403,Isfahan University of Medical Sciences,Iran,"11,340",12.3,1%,24.7,22.2�28.2
403,K.N. Toosi University of Technology,Iran,"6,582",22.3,1%,24.7,22.2�28.2
403,Xidian University,China,"34,140",17.1,3%,24.7,22.2�28.2
404,University of Bedfordshire,United Kingdom,"10,808",20,34%,24.6,22.2�28.2
404,University of �vora,Portugal,"6,442",12.4,12%,24.6,22.2�28.2
404,Fu Jen Catholic University,Taiwan,"20,450",20.7,9%,24.6,22.2�28.2
404,Kanazawa University,Japan,"10,420",9.8,5%,24.6,22.2�28.2
404,University of Kurdistan,Iran,"9,441",28.9,1%,24.6,22.2�28.2
404,Louisiana Tech University,United States,"11,210",22.6,4%,24.6,22.2�28.2
405,University of Baghdad,Iraq,"66,399",10.4,0%,24.5,22.2�28.2
405,Inha University,South Korea,"19,196",23.5,6%,24.5,22.2�28.2
405,Polytechnic Institute of Porto,Portugal,"18,511",17.1,6%,24.5,22.2�28.2
406,Chonnam National University,South Korea,"22,469",16.9,6%,24.4,22.2�28.2
406,Kuwait University,Kuwait,"36,551",23.6,15%,24.4,22.2�28.2
406,Lahore University of Management Sciences,Pakistan,"3,859",14.6,1%,24.4,22.2�28.2
406,University of Murcia,Spain,"27,662",16.3,7%,24.4,22.2�28.2
406,Universit� Saint-Joseph de Beyrouth,Lebanon,"7,566",19.4,5%,24.4,22.2�28.2
407,Embry-Riddle Aeronautical University,United States,"16,340",16.8,9%,24.3,22.2�28.2
407,Federico Santa Mar�a Technical University,Chile,"19,067",27.3,3%,24.3,22.2�28.2
407,National Chengchi University,Taiwan,"13,558",15.6,16%,24.3,22.2�28.2
407,Sapporo Medical University,Japan,"1,336",3.5,0%,24.3,22.2�28.2
407,Xiangtan University,China,"31,340",21.2,1%,24.3,22.2�28.2
408,China Pharmaceutical University,China,"16,144",18,3%,24.2,22.2�28.2
408,National University of Sciences and Technology,Pakistan,"10,645",8.1,3%,24.2,22.2�28.2
408,Okayama University,Japan,"13,099",8,8%,24.2,22.2�28.2
408,Pondicherry University,India,"6,107",17.2,1%,24.2,22.2�28.2
409,NorthWest A&F University,China,"29,327",15.3,1%,24.1,22.2�28.2
409,University of Patras,Greece,"25,580",27.6,5%,24.1,22.2�28.2
410,Bauman Moscow State Technical University,Russian Federation,"19,785",4.8,8%,24,22.2�28.2
410,University of La Frontera,Chile,"10,437",24.6,1%,24,22.2�28.2
410,Indian Institute of Technology (Indian School of Mines) Dhanbad,India,"7,833",25.1,1%,24,22.2�28.2
410,University of Mazandaran,Iran,"12,942",33.7,2%,24,22.2�28.2
411,Beijing Jiaotong University,China,"26,457",14,8%,23.9,22.2�28.2
411,Hanoi University of Science and Technology,Vietnam,"32,161",21.4,1%,23.9,22.2�28.2
411,Jilin University,China,"70,450",10.8,3%,23.9,22.2�28.2
411,University of Tr�s-os-Montes and Alto Douro,Portugal,"6,793",12.1,4%,23.9,22.2�28.2
412,Czech Technical University in Prague,Czech Republic,"19,499",10.6,19%,23.6,22.2�28.2
412,National Taipei University of Technology,Taiwan,"9,994",15.9,8%,23.6,22.2�28.2
412,St Marianna University School of Medicine,Japan,846,1,1%,23.6,22.2�28.2
413,University of Ja�n,Spain,"16,782",20.4,10%,23.5,22.2�28.2
413,Muroran Institute of Technology,Japan,"3,365",17.5,4%,23.5,22.2�28.2
413,Northwest University,China,"24,237",14.8,4%,23.5,22.2�28.2
414,University of Malaga,Spain,"35,654",12.9,9%,23.4,22.2�28.2
414,Shanghai Maritime University,China,"23,789",17.9,3%,23.4,22.2�28.2
414,Tshwane University of Technology,South Africa,"45,992",39.4,2%,23.4,22.2�28.2
415,Chonbuk National University,South Korea,"20,601",20.7,5%,23.3,22.2�28.2
415,Tallinn University of Technology,Estonia,"9,895",21.8,14%,23.3,22.2�28.2
415,Universiti Utara Malaysia,Malaysia,"12,871",11.7,25%,23.3,22.2�28.2
416,University of A Coru�a,Spain,"14,962",11.4,3%,23.2,22.2�28.2
417,University of Alicante,Spain,"27,207",18.4,9%,23.1,22.2�28.2
417,Pontifical Catholic University of Peru,Peru,"24,984",7.5,3%,23.1,22.2�28.2
418,University of Maribor,Slovenia,"12,124",13.6,5%,23,22.2�28.2
419,Aichi Medical University,Japan,"1,288",2.8,1%,22.9,22.2�28.2
419,Ferdowsi University of Mashhad,Iran,"23,992",29.5,5%,22.9,22.2�28.2
419,Jiangsu University,China,"35,335",9.5,5%,22.9,22.2�28.2
419,University of Latvia,Latvia,"12,367",33.1,6%,22.9,22.2�28.2
419,University of Seoul,South Korea,"8,807",16.6,5%,22.9,22.2�28.2
420,University of Derby,United Kingdom,"13,502",15.2,13%,22.8,22.2�28.2
421,University of Debrecen,Hungary,"26,771",11.9,18%,22.7,22.2�28.2
421,University of Ghana,Ghana,"36,819",28.7,1%,22.7,22.2�28.2
421,Karab�k University,Turkey,"52,191",53.1,12%,22.7,22.2�28.2
421,Sultan Qaboos University,Oman,"6,823",7.4,4%,22.7,22.2�28.2
421,Tanta University,Egypt,"128,995",23.6,1%,22.7,22.2�28.2
421,Yangzhou University,China,"36,880",15.1,3%,22.7,22.2�28.2
422,"Adam Mickiewicz University, Pozna?",Poland,"37,634",14.2,2%,22.6,22.2�28.2
422,"University of Agriculture, Faisalabad",Pakistan,"24,440",35.4,0%,22.6,22.2�28.2
422,Gda?sk University of Technology,Poland,"16,834",14.8,4%,22.6,22.2�28.2
422,Osaka City University,Japan,"8,279",8.9,4%,22.6,22.2�28.2
422,Tokyo University of Agriculture and Technology,Japan,"5,766",14.8,6%,22.6,22.2�28.2
423,University of Isfahan,Iran,"13,782",20.9,1%,22.5,22.2�28.2
423,University of the Punjab,Pakistan,"27,907",26.9,0%,22.5,22.2�28.2
424,Ain Shams University,Egypt,"179,636",16.9,3%,22.4,22.2�28.2
424,At?l?m University,Turkey,"9,862",16.8,6%,22.4,22.2�28.2
424,Hamamatsu University School of Medicine,Japan,"1,210",3.8,1%,22.4,22.2�28.2
424,Indian Institute of Science Education and Research Kolkata,India,"1,335",11.8,0%,22.4,22.2�28.2
424,Indian Institute of Technology Patna,India,"1,387",12.6,0%,22.4,22.2�28.2
424,Tezpur University,India,"3,904",14,1%,22.4,22.2�28.2
